Date,Austria,Belgium,Brazil,Canada,"China, People's Republic of",Czech Republic,Finland,France,Germany,India,Israel,Italy,Japan,"Korea, Republic of",Mexico,"Netherlands, The",Norway,"Poland, Republic of",Portugal,Russian Federation,Singapore,Spain,Sweden,Switzerland,United Kingdom,United States
1999-12-01,68.13866,74.36,1588.56,93.7,62.76488,70.4,77.54728,79.17,75.21527,44.53837494,66.19394904,73.92621,97.55067358,62.18,44.33552,73.7,74.1,81.90981,72.493,27.87329,,65.21005,259.94,92.462,73.1,77.18218527
2000-01-01,67.93642,74.5,1598.41,93.5,63.59388,71.6,77.56198,79.17,75.39225,44.53837494,65.82154989,74.05929,97.45243523,62.456,44.93083,73.55,74.5,83.37865,72.351,28.52274,,65.42455,257.82,92.5762,72.6,77.41148469
2000-02-01,68.39607,74.78,1600.49,94.1,64.42136,71.8,78.13963,79.27,75.48074,44.43504133,65.63535032,74.32545,97.15772021,62.647,45.32938,74,74.8,84.06988,72.186,28.81937,,65.51707,259.04,92.9241,72.8,77.87008353
2000-03-01,68.59831,75.07,1604.01,94.8,63.52662,71.8,78.60648,79.64,75.48074,44.84839008,65.35605096,74.52507,97.35419689,62.962,45.58068,74.66,74.9,84.8475,72.295,29.00382,,65.77681,260.28,92.8924,73,78.51212191
2000-04-01,68.54316,75.21,1610.75,94.5,63.15247,71.7,78.79639,79.64,75.48074,45.26173884,65.72845011,74.59161,97.55067358,62.709,45.84002,74.78,75.1,85.19312,73.138,29.26195,,66.05028,260.05,92.9736,73.3,78.5579818
2000-05-01,68.59831,75.43,1610.91,94.9,62.77492,71.8,79.03378,79.8,75.39225,45.4684156,66.19394904,74.85777,97.64891192,62.393,46.01138,75.02,75.2,85.79794,73.55,29.77404,,66.16007,261.29,92.9279,73.5,78.64970157
2000-06-01,69.13151,75.71,1614.62,95.5,62.20511,72.3,79.22369,80,75.74621,45.6750876,66.47324841,75.05739,97.45243523,62.709,46.28392,74.94,75.6,86.40276,73.918,30.53327,,66.36034,261.24,93.2738,73.6,79.06244053
2000-07-01,69.18667,75.86,1640.62,95.8,61.83311,72.7,78.97047,79.87,76.10016,45.98509797,66.65944798,75.19047,97.15772021,62.962,46.46447,74.75,75.3,87.00758,74.161,31.07982,,66.76342,260,93.3429,73.3,79.24588006
2000-08-01,69.18667,75.83,1662.11,95.7,62.20135,72.8,79.28699,80.02,75.92318,45.77842598,66.19394904,75.25701,97.45243523,63.277,46.71978,75.08,75.3,86.74837,74.19,31.3844,,67.0435,260.18,93.1014,73.3,79.24588006
2000-09-01,69.38892,76.36,1665.93,96.1,63.45223,72.8,79.95958,80.43,76.10016,45.88176436,65.82154989,75.39009,97.35419689,64.098,47.06107,75.99,76,87.6124,74.123,31.79868,,67.21683,262.02,93.568,73.8,79.65861902
2000-10-01,69.51762,76.17,1668.26,96.3,63.45204,73,80.0308,80.33,76.01167,46.3984515,66.19394904,75.65625,97.35419689,64.035,47.38514,76.12,76,88.30361,74.425,32.46963,,67.38863,262.59,93.4677,73.8,79.79619867
2000-11-01,69.77502,76.42,1673.6,96.6,63.64271,73.1,80.00706,80.51,76.10016,46.50178988,66.19394904,75.85587,97.05948187,63.656,47.79029,76.11,76.4,88.64922,75.013,32.96317,,67.55637,262.74,93.9133,74,79.84205856
2000-12-01,69.90372,76.22,1683.47,96.7,63.70636,73.2,79.88837,80.47,76.71958,46.08843635,66.19394904,75.92242,97.15772021,63.908,48.30767,75.66,76.3,88.82203,75.292,33.50376,,67.79019,262.48,93.8428,74,79.79619867
2001-01-01,69.97972,76.14,1693.07,96.3,64.357,74.6,79.83298,80.13,76.45412,45.98509797,65.72845011,76.25511,97.15772021,64.604,48.57548,76.31,76.9,89.51325,75.569,34.42847,,67.81409,261.7,93.7755,73.5,80.3006574
2001-02-01,70.25578,76.47,1700.86,96.8,64.42136,74.6,80.32358,80.35,76.89655,45.77842598,65.72845011,76.52128,96.86300518,64.919,48.54333,76.98,77.5,89.59966,75.662,35.21344,,68.03672,262.65,93.6487,73.7,80.62167659
2001-03-01,70.39381,76.64,1707.32,97.1,64.03484,74.7,80.75878,80.71,76.89655,45.98509797,65.82154989,76.58781,96.6665285,65.488,48.85089,77.7,77.7,90.03167,75.994,35.8684,,68.3234,264.59,93.7989,73.9,80.80511613
2001-04-01,70.73887,77.3,1717.22,97.8,64.1629,74.9,81.13069,81.1,77.25051,46.29511311,66.47324841,76.92052,96.86300518,65.74,49.09731,78.13,78,90.72289,76.423,36.51045,,68.6782,266.89,94.0582,74.4,81.12613532
2001-05-01,70.8769,77.79,1724.26,98.6,63.84209,75.4,81.66876,81.6,77.51598,46.60512349,66.75254777,77.12014,96.96124352,65.677,49.20997,78.39,78.4,91.75973,77.062,37.16034,,68.93794,268.7,94.5687,74.9,81.49301439
2001-06-01,71.01492,77.93,1733.23,98.7,63.07598,76.2,81.66085,81.65,77.60446,47.22514901,66.93874735,77.31976,96.6665285,65.866,49.32636,78.09,78.4,91.67332,77.263,37.76233,,69.17023,268.31,94.7479,75,81.63059405
2001-07-01,71.08394,77.87,1756.28,98.4,62.7606,77,81.05156,81.48,77.69296,47.84515546,67.21804671,77.3863,96.37181347,65.992,49.1982,77.98,77.4,91.41412,77.35,37.93226,,69.34,266.94,94.6045,74.5,81.40129462
2001-08-01,70.94592,77.86,1768.57,98.4,62.82336,76.9,81.30477,81.48,77.51598,48.15518013,67.40424628,77.3863,96.76476684,66.245,49.48969,78.27,77.3,91.15491,77.201,37.93606,,69.50774,267.6,94.0797,74.8,81.40129462
2001-09-01,71.15295,78.08,1773.52,98.6,63.38877,76.2,81.89033,81.63,77.51598,48.05187036,67.59044586,77.3863,96.56829016,66.182,49.95038,79.23,77.7,91.41412,77.174,38.16367,,69.4986,269.85,94.1996,75,81.7681737
2001-10-01,71.22197,77.96,1788.24,98.1,63.57894,76.2,81.70833,81.68,77.42749,48.36184736,67.59044586,77.51938,96.56829016,66.182,50.17614,79.15,77.7,91.75973,77.473,38.57966,,69.42591,269.12,94.0568,74.9,81.49301439
2001-11-01,71.15295,78.05,1800.94,97.2,63.45178,76.2,81.34434,81.46,77.25051,48.77522949,67.21804671,77.65246,96.07709845,65.804,50.36515,79.05,77.7,91.84613,77.988,39.10434,,69.37406,269.22,94.1828,74.9,81.35543474
2001-12-01,71.29098,77.88,1812.65,97.4,63.51524,76.2,81.31268,81.56,77.95842,48.46520481,67.12494692,77.719,95.9788601,65.93,50.4349,78.81,77.9,92.01894,78.141,39.73001,,69.62567,269.46,94.148,75,81.03441555
2002-01-01,71.49802,78.35,1822.08,97.6,63.70578,77.5,81.65294,81.94,78.04691,48.25853758,67.86974522,78.0517,95.78238342,66.308,50.90047,79.38,78,92.79655,78.266,40.95767,,69.53,268.8,94.2645,74.8,81.21785509
2002-02-01,71.56703,78.48,1828.64,98.2,64.40655,77.5,81.77954,82.04,78.31237,48.15518013,68.52144374,78.31786,95.29119171,66.624,50.86775,79.81,78.1,92.88296,78.131,41.43278,,69.59,269.45,94.2616,75,81.53887428
2002-03-01,71.70506,78.69,1839.61,98.9,63.56926,77.5,82.21475,82.4,78.48935,48.36184736,68.70764331,78.51749,95.48766839,67.003,51.12795,80.52,78.4,93.05576,78.468,41.88025,,70.165,271.76,94.2768,75.2,81.99747312
2002-04-01,71.98112,78.71,1854.33,99.5,63.37855,77.5,82.55501,82.71,78.40086,48.46520481,69.82484076,78.7171,95.78238342,67.382,51.40723,80.9,78.5,93.48778,79.105,42.36606,,71.118,272.94,95.0902,75.6,82.45607196
2002-05-01,72.18816,78.83,1858.22,99.7,63.18842,77.4,82.737,82.81,78.48935,48.77522949,70.47653928,78.91673,96.07709845,67.634,51.51143,80.92,78.7,93.31497,79.627,43.08205,,71.374,273.64,95.1815,75.8,82.45607196
2002-06-01,72.25717,78.61,1866.02,99.9,62.61972,77.1,82.56292,82.8,78.48935,49.18856394,71.40753715,78.98327,95.9788601,67.571,51.76258,80.65,78.7,92.96936,79.884,43.31038,,71.377,273.24,95.0567,75.8,82.50193185
2002-07-01,72.18816,78.87,1888.23,100.5,62.18138,77.5,82.41257,82.8,78.57784,49.70525585,71.87303609,79.11635,95.58590674,67.382,51.91118,80.54,78.6,92.53735,80.021,43.62222,,70.882,272.27,94.5557,75.6,82.59365162
2002-08-01,72.32618,78.84,1900.5,100.9,62.36793,77.4,82.41257,82.99,78.48935,50.01523285,71.68683652,79.24943,95.88062176,67.824,52.10856,80.81,78.3,92.19174,80.08,43.66148,,71.085,272.43,94.5243,75.8,82.86881092
2002-09-01,72.32618,79.06,1914.18,100.9,62.99161,77,82.71326,83.14,78.48935,50.1185903,71.87303609,79.38251,95.88062176,68.204,52.42198,81.69,78.8,92.45094,80.033,43.83612,,71.351,274.5,94.6676,76,83.00639057
2002-10-01,72.46421,78.97,1939.26,101.2,63.11759,76.7,82.92691,83.27,78.40086,50.32525753,72.33853503,79.58213,95.68414508,68.013,52.65303,81.49,79.1,92.71015,80.549,44.30517,,72.058,275.39,95.2205,76.1,83.14397023
2002-11-01,72.3952,78.91,1997.83,101.5,63.05447,76.6,82.66579,83.27,78.1354,50.53192475,71.68683652,79.84829,95.68414508,68.077,53.07888,81.25,79.4,92.62375,81.133,45.01848,,72.169,274.72,95.045,76.1,83.14397023
2002-12-01,72.60223,78.95,2039.78,101.1,63.24364,76.7,82.65788,83.41,78.84331,50.01523285,71.59373673,79.91483,95.68414508,68.391,53.30993,80.97,80,92.71015,81.245,45.71177,,72.409,275.07,94.9867,76.3,82.96053069
2003-01-01,72.74026,79.3,2085.68,102,63.93932,77.1,82.76074,83.57,78.84331,49.91192307,71.68683652,80.24753,95.38943005,68.835,53.52544,81.25,81.9,93.05576,81.365,46.80885,,72.111,275.96,95.0626,75.9,83.32740976
2003-02-01,72.80928,79.85,2118.43,102.8,64.51477,77.3,83.30673,84.15,79.28574,50.01523285,71.96613588,80.38061,95.09471503,69.213,53.67412,81.75,82,93.14217,81.352,47.57183,,72.264,278.4,95.1562,76.1,83.96944815
2003-03-01,73.01632,80.07,2144.49,103.1,64.12768,77.2,83.5362,84.49,79.37424,50.32525753,72.15233546,80.64677,95.38943005,70.034,54.01293,82.53,81.4,93.40137,81.409,48.07134,,72.765,279.83,95.5392,76.4,84.47390687
2003-04-01,72.9473,79.87,2165.29,102.4,63.99942,77.4,83.43333,84.37,79.10877,50.94530688,71.96613588,80.84639,95.68414508,69.908,54.10514,82.61,80.8,93.57418,82.035,48.56167,,73.357,278.84,95.7291,76.8,84.29046734
2003-05-01,72.9473,79.65,2178.5,102.5,63.55143,77.4,83.33047,84.27,78.93179,51.04861666,71.68683652,81.04601,95.88062176,69.782,53.93056,82.55,80.3,93.57418,82.497,48.95016,,73.289,278.51,95.5757,76.8,84.15288768
2003-06-01,73.08533,79.88,2175.23,102.5,62.78881,77.4,83.23551,84.43,79.19726,51.35864134,71.22133758,81.11256,95.58590674,69.592,53.97511,82.17,80.1,93.48778,82.493,49.34176,,73.338,277.74,95.5776,76.7,84.24460745
2003-07-01,73.01632,80.03,2179.58,102.6,62.47487,77.5,82.80031,84.34,79.37424,51.77197579,70.75583864,81.24564,95.38943005,69.53,54.05334,82.24,79.8,93.14217,82.251,49.69209,,72.878,276.78,94.8114,76.6,84.33632722
2003-08-01,73.22336,80.25,2186.99,102.9,62.91219,77.3,82.91109,84.54,79.37424,51.56530856,70.84893843,81.44525,95.58590674,69.845,54.21549,82.5,80,92.79655,82.291,49.48835,,73.213,276.7,95.0321,76.8,84.65734641
2003-09-01,73.36139,80.48,2204.05,103.1,63.66714,77,83.25134,84.86,79.28574,51.56530856,70.47653928,81.57833,95.68414508,70.477,54.53824,83.31,80.4,93.22857,82.447,49.65661,,73.431,278.71,95.1698,77,84.93250572
2003-10-01,73.22336,80.22,2210.44,102.8,64.24014,77,83.1643,85.04,79.28574,51.97864302,70.47653928,81.64487,95.68414508,70.539,54.73821,83.08,80.4,93.74699,82.895,50.15318,,73.926,278.9,95.6525,77.1,84.84078595
2003-11-01,73.36139,80.37,2217.96,103.1,64.88255,77.4,83.08517,85.14,79.10877,52.08200047,70.38343949,81.8445,95.19295337,70.413,55.19254,82.87,80.5,94.0062,83.125,50.63465,,74.167,278.32,95.5322,77.1,84.61148653
2003-12-01,73.49941,80.32,2229.49,103.2,65.27184,77.5,83.15639,85.23,79.72819,51.87533324,70.19723992,81.91103,95.29119171,70.73,55.42981,82.34,80.5,94.179,83.173,51.19163,,74.294,278.57,95.5507,77.3,84.51976676
2004-01-01,73.56843,80.56,2246.43,103.3,65.98983,78.9,82.92691,85.23,79.72819,52.08200047,70.10414013,82.04411,95.09471503,71.172,55.77432,82.35,80.4,94.52461,83.178,52.08748,,73.773,277.96,95.2266,77,84.93250572
2004-02-01,73.84448,80.86,2260.13,103.5,65.85785,79.1,83.39377,85.59,79.90517,52.08200047,70.19723992,82.24374,95.09471503,71.487,56.10794,82.72,80.5,94.61102,83.052,52.60315,,73.807,277.29,95.2425,77.2,85.39110456
2004-03-01,74.12054,80.97,2270.75,103.9,66.05542,79.1,83.10891,85.93,80.17063,52.08200047,70.10414013,82.5099,95.29119171,72.181,56.29807,83.44,80.9,94.87022,83.244,52.99767,,74.322,279.38,95.4465,77.3,85.94142317
2004-04-01,74.12054,81.41,2279.15,104.1,66.3857,79.1,83.12473,86.15,80.4361,52.08200047,70.94203822,82.70952,95.29119171,72.181,56.38303,83.71,81,95.64785,83.952,53.52235,,75.34,279.44,96.2516,77.6,86.21658248
2004-05-01,74.4656,81.72,2290.77,105,66.31931,79.5,83.24342,86.47,80.61308,52.49533492,71.22133758,82.90914,95.38943005,72.119,56.2416,83.85,81.1,96.59828,84.501,53.91842,,75.784,280.13,96.4741,77.9,86.7210412
2004-06-01,74.74165,81.68,2307.03,105.1,65.85508,79.6,83.18803,86.5,80.61308,52.90871705,71.22133758,83.04222,95.58590674,72.119,56.33175,83.31,81.1,97.4623,84.691,54.33898,,75.904,278.91,96.6405,77.9,86.99620051
2004-07-01,74.60363,81.96,2328.02,105,65.72337,79.9,83.06934,86.36,80.79005,53.42540895,71.12823779,83.10876,95.29119171,72.561,56.47939,83.19,81,97.3759,84.531,54.8389,,75.328,278.49,95.6291,77.7,86.85862086
2004-08-01,74.87968,82.06,2344.08,104.8,66.18343,79.9,83.28299,86.55,80.87854,53.94205318,71.22133758,83.30838,95.38943005,73.191,56.82804,83.47,80.8,96.94389,84.237,55.06922,,75.661,278.16,95.9835,77.9,86.90448074
2004-09-01,74.87968,82.12,2351.82,105,66.91145,79.2,83.60741,86.63,80.70156,54.04541063,71.12823779,83.30838,95.68414508,73.191,57.29792,84.2,81.3,97.20309,84.17,55.30602,,75.796,280.19,95.989,77.9,87.08792028
2004-10-01,75.15574,82.52,2362.17,105.2,66.91145,79.6,83.87646,86.85,80.79005,54.35543531,71.12823779,83.30838,96.17533679,73.191,57.69475,84.23,81.5,97.80791,84.713,55.9365,,76.575,281.02,96.8889,78.1,87.54651912
2004-11-01,75.29376,82.42,2378.47,105.6,66.71072,79.6,83.50455,86.9,80.61308,54.25207786,71.035138,83.37492,95.9788601,72.75,58.1869,83.98,81.5,98.06712,85.176,56.5574,,76.767,279.41,96.9819,78.3,87.592379
2004-12-01,75.63883,82.15,2398.92,105.4,66.77743,79.6,83.51247,87,81.49796,53.83874341,71.12823779,83.57454,95.48766839,72.877,58.30709,83.25,81.4,98.15353,85.242,57.20216,,76.692,279.35,96.8233,78.6,87.27135981
2005-01-01,75.70785,82.38,2412.83,105.3,67.17809,80.2,83.08517,86.52,80.87854,54.35543531,70.66273885,83.57454,95.29119171,73.594,58.30916,83.58,81.2,98.23993,84.855,58.70085,65.32,76.046,277.89,96.3739,78.3,87.45479935
2005-02-01,75.9368,82.93,2427.07,105.7,68.3873,80.4,83.67204,87.05,81.2325,54.25207786,70.75583864,83.84071,94.99647668,73.892,58.50343,84.1,81.3,98.15353,84.819,59.42287,65.801,76.243,279.2,96.5857,78.5,87.95925808
2005-03-01,76.31839,83.46,2441.87,106.3,67.77181,80.3,83.92357,87.6,81.58645,54.25207786,70.66273885,84.10686,95.29119171,74.338,58.76712,84.88,81.7,98.23993,85.109,60.21914,65.608,76.846,279.75,96.822,78.8,88.64715634
2005-04-01,76.16576,83.65,2463.11,106.6,67.5685,80.4,84.00741,87.77,81.40947,54.66541231,71.12823779,84.23994,95.38943005,74.413,58.97641,85.03,82.1,98.67194,85.688,60.89359,66.013,77.953,280.16,97.6146,79.1,89.24333484
2005-05-01,76.24207,83.78,2475.18,106.7,67.43336,80.5,83.75588,87.83,81.58645,54.45874509,71.40753715,84.5061,95.48766839,74.338,58.82825,84.98,82.4,98.93115,86.045,61.38074,65.91,78.102,280.35,97.5177,79.4,89.15161507
2005-06-01,76.47103,84.03,2474.68,106.9,66.89389,81,83.83973,87.93,81.67494,54.66541231,71.50063694,84.5061,95.09471503,74.114,58.77178,84.7,82.4,98.75835,86.066,61.77358,65.308,78.284,280.45,97.2985,79.4,89.19747495
2005-07-01,76.39471,84.53,2480.87,107.1,66.89389,81.2,83.50436,87.8,82.02889,55.59548635,72.15233546,84.83881,94.99647668,74.413,59.0018,84.57,82.2,98.58554,86.325,62.05774,65.992,77.805,279.41,96.7662,79.5,89.61021391
2005-08-01,76.39471,84.62,2485.09,107.5,67.02768,81.2,83.83973,88.14,82.11738,55.80215357,72.33853503,84.97189,95.09471503,74.636,59.07225,84.96,82.3,98.49914,86.42,61.97086,66.304,78.147,279.95,96.9056,79.7,90.06881276
2005-09-01,76.54735,84.71,2493.79,108.4,67.49687,81,84.25893,88.48,82.20587,56.0088208,72.43163482,84.97189,95.38943005,75.008,59.30901,85.73,82.9,98.93115,86.586,62.12578,66.397,78.627,281.87,97.3296,79.9,91.16944998
2005-10-01,76.62366,84.56,2512.49,107.9,67.76686,81.7,84.17509,88.46,82.29436,56.62882248,72.99023355,85.17151,95.38943005,74.859,59.45458,85.66,83,99.36317,86.991,62.46748,66.668,79.266,282.37,98.1807,80,91.35288952
2005-11-01,76.39471,84.53,2526.31,107.7,67.56356,81.5,84.00741,88.28,82.02889,57.14551438,72.89713376,85.23804,94.99647668,74.561,59.88249,85.44,83,99.19036,87.356,62.92973,66.587,79.386,281.69,97.9047,80,90.61913137
2005-12-01,76.69999,84.52,2535.4,107.6,67.83382,81.4,84.00741,88.39,82.64832,56.83553738,72.80403397,85.23804,95.09471503,74.785,60.25031,84.98,82.9,99.01756,87.442,63.44576,66.609,79.557,281.82,97.7977,80.3,90.25225229
2006-01-01,76.62366,84.54,2550.36,108.2,68.71565,82.6,83.75588,88.3,82.38284,56.73217993,72.52473461,85.43767,95.19295337,75.231,60.60363,84.68,82.7,99.2,87.148,64.98749,66.455,79.234,279.59,97.618,80,90.94015056
2006-02-01,76.85262,84.91,2560.82,108,69.05923,82.6,84.42661,88.64,82.7368,56.73217993,72.99023355,85.63729,94.89823834,75.381,60.69636,85.01,83.4,99.2,87.327,66.06628,66.587,79.272,280.9,97.9221,80.2,91.1235901
2006-03-01,77.08158,84.88,2571.83,108.6,68.4377,82.6,84.67812,88.89,82.7368,56.73217993,73.26953291,85.83691,95.09471503,75.827,60.77251,85.68,83.6,99.1,88.429,66.60802,66.366,79.833,282.89,97.8181,80.4,91.62804882
2006-04-01,77.46317,85.29,2577.23,109.2,68.57458,82.6,85.09732,89.27,83.00227,57.20892094,73.73503185,86.10307,95.29119171,75.902,60.86162,86.07,84.3,99.7,88.886,66.84116,66.728,80.959,284.32,98.6485,80.9,92.40766686
2006-05-01,77.53949,85.61,2579.81,109.7,68.506,83,85.18116,89.65,83.00227,57.68566195,73.73503185,86.36923,95.58590674,76.05,60.59068,86.15,84.3,100.3,89.268,67.16199,66.629,81.251,284.76,98.8458,81.3,92.8662657
2006-06-01,77.61581,85.6,2574.39,109.5,68.16347,83.2,85.265,89.65,83.17924,58.63914396,73.82813163,86.43578,95.58590674,75.902,60.643,85.84,84.2,100,89.226,67.35004,66.209,81.374,284.68,98.8184,81.5,93.04970524
2006-07-01,77.53949,85.89,2579.28,109.6,67.95898,83.6,85.09732,89.5,83.5332,59.11588497,73.92123142,86.70193,95.29119171,76.199,60.80929,85.68,83.9,100.1,89.019,67.80129,66.71,80.89,284.19,98.1448,81.5,93.32486454
2006-08-01,77.76844,86,2580.57,109.8,68.16286,83.8,85.43268,89.8,83.35622,59.11588497,73.92123142,86.83501,95.9788601,76.645,61.11961,86.13,83.9,100.4,88.882,67.93011,66.747,81.055,284.38,98.3128,81.8,93.50830408
2006-09-01,77.61581,85.75,2585.99,109.2,68.50367,83.2,85.51652,89.6,83.09075,59.59262598,73.26953291,86.76847,95.9788601,76.868,61.73661,86.46,85.1,100.5,89.253,67.99125,66.689,80.922,286.04,98.1023,81.9,93.04970524
2006-10-01,77.53949,85.58,2594.52,109,68.57217,82.7,85.76804,89.4,83.17924,60.54610799,72.89713376,86.70193,95.78238342,76.496,62.00652,86.24,85.2,100.4,89.316,68.18163,66.95,81.254,286.07,98.4346,82,92.54524651
2006-11-01,77.61581,85.79,2602.56,109.2,68.77789,82.7,85.76804,89.5,83.17924,60.54610799,72.71093418,86.76847,95.29119171,76.125,62.33186,86.1,85.1,100.5,89.437,68.61117,66.95,81.455,286.43,98.392,82.2,92.40766686
2006-12-01,77.84476,85.91,2615.05,109.4,69.74078,82.8,85.85188,89.71,83.79866,60.54610799,72.71093418,86.83501,95.38943005,76.348,62.69242,85.79,84.7,100.4,89.635,69.1532,67.15,81.678,286.43,98.405,82.6,92.54524651
2007-01-01,77.84476,85.95,2626.56,109.4,70.22897,83.6,85.6842,89.4,83.79866,60.54610799,72.61783439,86.90155,95.19295337,76.496,63.01621,85.89,83.7,100.8,89.39,70.31497,66.072,81.129,285.01,97.7176,82.1,92.8277434
2007-02-01,78.07372,86.41,2638.12,110.2,70.93126,83.8,86.27108,89.57,84.15262,61.022849,72.33853503,87.16772,94.70176166,77.017,63.19235,86.28,84,101.1,89.375,71.09547,66.566,81.184,286.45,97.9109,82.4,93.32440594
2007-03-01,78.45531,86.42,2647.88,111.1,70.71846,84.1,86.85796,89.95,84.3296,60.54610799,72.52473461,87.3008,94.99647668,77.464,63.32911,87.22,84.5,101.6,90.491,71.51493,66.523,81.8,288.33,97.9872,82.8,94.1741896
2007-04-01,78.8369,86.81,2654.5,111.6,70.64774,84.7,87.27715,90.39,84.77204,61.022849,72.89713376,87.43388,95.29119171,77.761,63.29129,87.64,84.5,102.1,91.318,71.92257,67.035,82.93,289.79,99.0963,83.1,94.78596046
2007-05-01,79.06586,86.71,2661.93,112.1,70.85969,85,87.19331,90.61,84.77204,61.49959001,72.89713376,87.70004,95.58590674,77.836,62.98253,87.7,84.6,102.6,91.451,72.37568,67.472,83.158,289.48,99.3281,83.3,95.36517079
2007-06-01,79.14217,86.7,2669.38,111.9,71.14313,85.2,87.36099,90.72,84.77204,61.97633102,73.26953291,87.89966,95.38943005,77.836,63.05817,87.34,84.5,102.6,91.404,73.06325,67.34,83.311,289.95,99.4418,83.5,95.54998613
2007-07-01,79.14217,87.07,2675.79,112,71.78342,85.6,87.27715,90.49,85.21448,62.92981303,74.107431,88.09928,95.29119171,78.134,63.326,86.93,84.3,102.3,91.14,73.6989,68.695,82.704,289.49,98.8518,83.1,95.52568039
2007-08-01,79.06586,86.96,2688.37,111.7,72.64481,85.9,87.36099,90.86,85.12599,63.40655404,74.57292994,88.23236,95.78238342,78.208,63.584,87.08,84.2,101.9,90.709,73.76523,69.051,82.818,289.41,98.7413,83.4,95.35049563
2007-09-01,79.21849,87.04,2693.21,111.9,72.86275,85.6,87.78019,90.96,85.30297,63.40655404,74.29363057,88.23236,95.78238342,78.655,64.07771,87.59,84.8,102.7,91.115,74.34797,68.696,83.09,292.3,98.8353,83.5,95.61327277
2007-10-01,79.6764,87.5,2701.29,111.6,73.08134,86.1,88.03172,91.19,85.47995,63.88329505,74.38673036,88.49852,96.07709845,78.803,64.32741,87.63,85,103.3,91.616,75.56728,69.671,84.167,293.85,99.6792,83.8,95.81780785
2007-11-01,80.058,88.32,2711.55,111.9,73.59291,86.9,88.28323,91.69,85.92239,63.88329505,74.57292994,88.83122,95.88062176,78.803,64.78122,87.76,86.4,104,91.934,76.49676,70.204,84.77,295.75,100.1336,84.1,96.38692902
2007-12-01,80.66854,88.56,2731.62,112,74.32883,87.3,88.11555,92.03,86.45332,63.88329505,75.03842887,89.09738,96.07709845,79.101,65.04906,87.39,87.1,104.3,92.038,77.36117,69.727,85.125,296.32,100.3771,84.5,96.32226658
2008-01-01,80.36327,88.92,2746.37,111.8,75.22079,89.9,89.03779,91.92,86.18785,63.88329505,75.03842887,89.49662,95.88062176,79.472,65.35056,87.63,86.7,105,91.922,79.14822,70.46,84.598,294.12,100.0885,84.1,96.80104377
2008-02-01,80.59222,89.56,2759.83,112.2,77.17652,90.2,89.45699,92.12,86.54181,64.36003606,74.8522293,89.69624,95.68414508,79.771,65.54484,88.22,87.2,105.4,91.931,80.09799,70.937,84.73,295.34,100.2261,84.6,97.08216486
2008-03-01,81.20277,90.21,2773.08,112.6,76.63628,90.1,90.21155,92.81,86.98425,65.31351807,75.13152866,90.16203,96.17533679,80.515,66.01989,89.09,87.2,105.8,93.292,81.05917,71,85.482,298.16,100.5651,84.9,97.92369374
2008-04-01,81.43172,90.42,2788.33,113.5,76.71292,90.4,90.37923,93.12,86.80727,65.79025908,76.24872611,90.36165,96.07709845,80.962,66.17013,89.42,87.2,106.2,93.584,82.21021,72.117,86.402,299.47,101.3596,85.6,98.51757924
2008-05-01,81.96596,91.23,2810.36,114.6,76.40607,90.8,90.88226,93.62,87.3382,66.26700009,76.71422505,90.82743,96.86300518,81.63,66.09863,89.74,87.2,107,93.994,83.32005,72.561,86.985,300.65,102.1644,86.1,99.34718455
2008-06-01,82.19491,91.73,2831.16,115.4,76.25326,91,91.21762,93.96,87.51518,66.74374109,76.80732484,91.22667,97.25595855,82.151,66.37217,89.58,87.4,107.2,94.465,84.12825,72.428,87.486,302.08,102.3373,86.6,100.3483058
2008-07-01,82.11859,92.21,2846.16,115.8,76.32951,91.5,91.04994,93.76,88.04611,68.17396412,77.73832272,91.69245,97.45243523,82.747,66.74206,89.72,87.9,107.2,93.918,84.5573,73.218,87.066,301.46,101.8913,86.6,100.8752359
2008-08-01,81.96596,91.65,2854.13,115.6,76.25318,91.4,91.46914,93.73,87.78065,69.12744613,78.39002123,91.82553,97.74715026,82.598,67.12749,89.89,88,106.8,93.444,84.86171,73.497,86.879,301.98,101.6259,87.1,100.4725861
2008-09-01,82.19491,91.8,2861.55,115.7,76.25318,91.2,91.88834,93.67,87.69216,69.60418714,78.39002123,91.55937,97.74715026,82.673,67.58494,90.28,89.3,107.1,93.943,85.5406,73.34,86.861,305.08,101.7284,87.5,100.3336307
2008-10-01,82.11859,91.63,2874.43,114.5,76.02442,91.2,91.88834,93.62,87.51518,70.55766916,78.39002123,91.55937,97.64891192,82.598,68.04549,90.07,89.6,107.5,93.798,86.31902,74.15,87.16,305.56,102.2689,87.3,99.32012722
2008-11-01,81.88963,91.09,2884.78,114.1,75.41623,90.7,91.46914,93.18,87.07274,70.55766916,78.01762208,91.22667,96.86300518,82.375,68.81894,89.74,89.1,107.7,93.2,87.03547,74.1,86.79,303.06,101.5878,87.3,97.41785921
2008-12-01,81.737,90.89,2892.86,113.3,75.2654,90.5,91.13378,92.95,87.4267,70.08092815,78.01762208,91.09359,96.47005181,82.375,69.29556,89.09,89,107.6,92.756,87.63602,73.459,86.345,298.99,101.0807,87.1,96.41031756
2009-01-01,81.35541,90.98,2906.74,113,75.94279,91.9,90.9661,92.57,86.98425,70.55766916,77.55212314,90.96051,95.88062176,82.45,69.45615,89.32,88.7,108.1,92.16,89.71299,73.463,85.281,297.88,100.2278,86.6,96.8299355
2009-02-01,81.66068,91.29,2922.73,113.8,75.94279,91.9,91.04994,92.92,87.51518,70.55766916,77.45902335,91.16013,95.58590674,83.045,69.6095,89.95,89.4,109.1,92.111,91.19325,73.229,85.29,297.95,100.4641,87.2,97.31146428
2009-03-01,81.81332,90.77,2928.57,114,75.71496,92.1,91.04994,93.09,87.3382,70.55766916,77.83142251,91.22667,95.88062176,83.64,70.00995,90.85,89.4,109.9,92.843,92.38789,72.814,85.43,298.8,100.1385,87.3,97.54810129
2009-04-01,81.96596,90.96,2942.63,113.9,75.56353,92,91.04994,93.24,87.4267,71.51115117,78.57622081,91.42629,95.9788601,83.862,70.25499,91.05,89.7,110.7,93.075,93.02536,72.344,86.264,299.26,101.0213,87.5,97.79161727
2009-05-01,82.19491,90.89,2956.46,114.7,75.33684,92,90.88226,93.38,87.3382,71.98789218,78.94861996,91.62591,95.78238342,83.862,70.05036,91.17,89.9,111.3,92.893,93.5556,72.729,86.234,298.49,101.1824,87.9,98.07411416
2009-06-01,82.11859,90.72,2967.1,115.1,74.96015,92,91.13378,93.5,87.60367,72.9413742,79.60031847,91.69245,95.58590674,83.788,70.17935,90.85,90.4,111.5,92.963,94.11694,72.41,86.614,299.21,101.364,88.1,98.91656023
2009-07-01,81.88963,90.66,2974.22,114.7,74.96015,91.7,90.54691,93.08,87.60367,76.27856125,80.43821656,91.69245,95.29119171,84.086,70.37051,89.89,89.9,111.6,92.469,94.70988,73.029,85.874,297.83,100.6913,88,98.75971943
2009-08-01,82.19491,90.94,2978.68,114.7,75.33495,91.5,90.79842,93.56,87.78065,77.23204327,80.9037155,91.95861,95.58590674,84.384,70.53889,90.14,89.7,111.2,92.201,94.70988,73.29,86.174,298.45,100.8028,88.3,98.98122267
2009-09-01,82.27122,90.7,2985.83,114.7,75.63628,91.2,90.9661,93.33,87.51518,77.70878427,80.62441614,91.759,95.58590674,84.459,70.89272,90.62,90.4,111.2,92.379,94.68147,73.034,85.971,299.37,100.7899,88.3,99.04313351
2009-10-01,82.27122,90.74,2994.19,114.6,75.56251,91.1,90.46307,93.42,87.51518,78.66226629,80.81061571,91.82553,95.19295337,84.235,71.10719,90.7,90.2,111.3,92.431,94.68147,73.473,86.584,300.12,101.4163,88.4,99.13852207
2009-11-01,82.42387,90.98,3006.47,115.2,75.7899,91.2,90.54691,93.55,87.4267,80.09248931,80.99681529,91.82553,94.99647668,84.384,71.47604,90.61,90.5,111.6,92.649,94.95604,73.514,87.053,300.05,101.6121,88.6,99.2086877
2009-12-01,82.5765,91.13,3017.59,114.8,76.54786,91.4,90.63074,93.8,88.13461,80.56923032,80.99681529,92.02515,94.8,84.682,71.77186,90.08,90.8,111.6,92.713,95.34536,73.071,87.031,300.71,101.3664,88.9,99.03396154
2010-01-01,82.34755,91.54,3040.22,115.1,77.00264,92.5,90.79842,93.59,87.60367,81.99945335,80.43821656,92.15823,94.9,85.351,72.55205,90.05,90.9,112.3,92.267,96.90903,73.616,86.158,298.81,101.2538,88.8,99.37240748
2010-02-01,82.50018,91.93,3063.93,115.6,77.93114,92.5,91.09257,94.11,87.95763,81.04597133,80.25201699,92.22477,94.9,85.523,72.97167,90.69,92,112.5,92.298,97.74244,73.93,86.001,300.61,101.4012,89,99.39717182
2010-03-01,83.41601,92.27,3079.86,115.6,77.38162,92.7,91.61651,94.57,88.40007,81.04597133,80.34511677,92.49094,95.1,85.696,73.48972,91.77,92.5,112.8,93.369,98.35822,73.987,86.639,301.33,101.5402,89.4,99.80532479
2010-04-01,83.64496,92.59,3097.42,116,77.53953,93.1,91.91985,94.81,88.48856,81.04597133,80.99681529,92.82363,95.1,86.041,73.25556,92.08,92.7,113.3,93.749,98.64346,74.664,87.562,301.37,102.408,89.9,99.97867515
2010-05-01,83.72128,92.96,3110.74,116.3,77.46373,93.2,91.80035,94.92,88.40007,81.99945335,81.27611465,92.89017,95.1,86.128,72.79398,92.04,92.2,113.6,93.876,99.13667,75.093,87.756,301.93,102.3023,90.1,100.0561784
2010-06-01,83.72128,92.95,3110.74,116.2,76.99632,93.2,91.89227,94.91,88.40007,82.95293536,81.55541401,92.89017,94.9,86.041,72.77119,91.6,92.1,113.9,94.055,99.52331,74.377,87.913,301.98,101.8569,90.2,99.9584968
2010-07-01,83.41601,92.99,3111.05,116.8,77.30582,93.5,91.26721,94.64,88.57705,84.85989939,81.92781316,93.22288,94.4,86.214,72.92919,91.34,91.6,113.7,94.215,99.88159,75.329,87.519,301.05,101.1127,90,99.97959235
2010-08-01,83.56864,93.05,3112.29,116.7,77.76691,93.2,91.72681,94.86,88.66553,84.85989939,82.30021231,93.4225,94.5,86.647,73.13175,91.48,91.4,113.2,94.027,100.4309,75.677,87.74,301.07,101.0986,90.4,100.1176306
2010-09-01,83.7976,93.34,3126.29,116.9,78.23433,93,92.23238,94.79,88.57705,85.3366404,82.57951168,93.22288,94.7,87.337,73.51511,92.05,92,113.9,94.199,101.2746,75.72,87.801,303.61,101.0752,90.4,100.1758727
2010-10-01,84.02655,93.47,3149.74,117.4,78.78385,92.8,92.60005,94.91,88.66553,86.29012242,82.76571125,93.4225,95,87.337,73.96893,92.13,92.1,114.5,94.601,101.7809,76.06,88.603,304.58,101.613,90.6,100.3006115
2010-11-01,83.95023,93.59,3175.88,117.5,79.64919,93,92.82985,95.02,88.75402,86.76686342,82.76571125,93.4225,94.7,86.906,74.56158,92.02,92.3,114.6,94.767,102.6054,76.312,89.084,305.59,101.857,90.9,100.3428026
2010-12-01,84.48446,93.96,3195.89,117.5,80.04712,93.5,93.21591,95.45,89.28496,88.19708645,83.23121019,93.7552,94.5,87.251,74.93095,91.82,93.3,115.1,95.045,103.7135,76.427,89.631,307.74,101.8931,91.7,100.5152358
2011-01-01,84.40814,94.49,3222.42,117.8,80.8493,94.1,93.55602,95.22,89.10798,89.62730947,83.32430998,94.13953,94.4,88.288,75.29599,91.72,92.7,116.5,95.592,106.1715,77.674,88.975,306.15,101.5358,91.8,100.994013
2011-02-01,84.99315,95.04,3248.2,118.1,81.8829,94.2,94.12592,95.67,89.63891,88.19708645,83.60360934,94.4186,94.4,88.892,75.57846,92.41,93.1,116.7,95.587,106.9996,77.618,89.088,308.02,101.9185,92.3,101.4920513
2011-03-01,85.99602,95.52,3273.86,119.4,81.71854,94.3,94.64067,96.45,90.16984,88.19708645,83.78980892,94.7907,94.6,89.238,75.72345,93.46,93.4,117.8,97.125,107.663,77.722,89.754,310.11,102.5599,92.6,102.4817076
2011-04-01,86.41388,95.75,3299.07,119.8,81.80072,94.5,94.82451,96.78,90.16984,88.67382745,84.25530786,95.25581,94.7,89.325,75.71744,93.96,93.9,118.4,97.534,108.126,77.992,90.871,311.44,102.6731,93.3,103.1416314
2011-05-01,86.49745,96.07,3314.58,120.6,81.8829,95,94.87047,96.83,90.16984,89.15056846,84.62770701,95.34884,94.7,89.497,75.15926,94.03,93.7,119.1,97.484,108.645,78.462,90.841,312.02,102.6798,93.5,103.6268289
2011-06-01,86.49745,96.37,3319.55,119.8,82.12944,94.9,95.14623,96.91,90.25833,90.10405048,85.00010616,95.44186,94.6,89.67,75.15551,93.57,93.4,118.6,97.258,108.8949,78.277,90.713,311.28,102.4317,93.5,103.515848
2011-07-01,86.33031,96.48,3324.86,120,82.48972,95.1,94.87966,96.48,90.4353,92.01101451,84.72080679,95.72093,94.6,90.102,75.51611,94.04,93.1,118.2,97.185,108.884,79.433,90.226,311.13,101.59,93.5,103.6075678
2011-08-01,86.49745,96.4,3337.16,120.3,82.72406,94.9,95.24734,96.98,90.5238,92.48775552,85.18630573,96,94.7,90.707,75.63555,94.19,92.6,118.2,96.759,108.6227,80.005,90.338,311.23,101.293,93.9,103.8932749
2011-09-01,86.83174,96.66,3354.85,120.6,83.11464,94.7,95.6426,96.91,90.70077,93.91797854,85.00010616,96,94.7,90.62,75.82111,94.53,93.4,118.3,97.548,108.5792,79.856,90.559,313.41,101.5662,94.5,104.0510329
2011-10-01,86.91531,96.81,3369.28,120.8,83.19276,94.9,95.88159,97.14,90.70077,94.39471955,85.09320594,96.55814,94.8,90.448,76.33271,94.57,93.3,119.1,98.573,109.1004,80.183,91.273,313.42,101.4987,94.5,103.8364086
2011-11-01,86.99889,97.19,3386.8,120.9,83.03652,95.3,95.94593,97.41,90.87775,94.87146056,85.00010616,96.46512,94.2,90.534,77.15833,94.28,93.3,119.9,98.495,109.5586,80.63,91.643,314.16,101.3215,94.7,103.7488162
2011-12-01,87.16603,97.23,3403.73,120.2,83.27087,95.7,95.91836,97.8,91.05473,94.45572234,85.00010616,96.83721,94.3,90.879,77.79239,94.04,93.4,120.4,98.478,110.0407,80.663,91.762,314.78,101.1649,95,103.4929181
2012-01-01,86.74817,97.94,3422.79,120.7,84.52071,97.4,96.52503,97.46,90.96624,94.78831291,85.00010616,97.11628,94.5,91.242,78.34305,93.99,93.2,121.2,98.948,110.5909,81.412,90.753,311.85,100.7342,94.7,103.9483067
2012-02-01,87.16603,98.52,3438.19,121.2,84.4426,97.7,97.05817,97.86,91.58566,95.28719877,85.00010616,97.48837,94.7,91.588,78.50231,94.7,94.2,121.7,99.028,111.0001,81.19,90.847,313.92,101.018,95.2,104.4059884
2012-03-01,88.08533,98.73,3445.41,121.7,84.59883,97.8,97.42584,98.67,92.11658,96.03552756,85.27940552,97.95349,95.1,91.614,78.54739,95.78,94.1,122.3,100.183,111.6439,81.806,91.458,314.8,101.5812,95.4,105.1989058
2012-04-01,88.41962,98.8,3467.46,122.2,84.52071,97.8,97.76595,98.8,91.93961,97.36588984,86.02420382,98.4186,95.2,91.605,78.30098,96.17,94.2,123,100.465,111.99,82.245,92.743,315.49,101.6571,95.9,105.5167148
2012-05-01,88.33604,98.77,3479.94,122.1,84.28637,98,97.77514,98.75,91.93961,98.28051392,86.02420382,98.4186,94.9,91.769,78.05382,96.03,94.2,123.2,100.113,112.5723,82.418,92.606,315.23,101.639,95.9,105.3928931
2012-06-01,88.41962,98.54,3482.72,121.6,83.81767,98.2,97.83949,98.78,91.76263,99.44458092,85.83800425,98.60465,94.4,91.639,78.41367,95.57,93.7,123.4,99.894,113.5742,82.423,92.433,314.45,101.3523,95.6,105.2383453
2012-07-01,88.1689,98.72,3497.7,121.5,83.89579,98.1,97.65564,98.35,92.11658,100.9412385,85.83800425,98.69768,94.1,91.432,78.8539,96.2,93.3,122.8,99.878,114.9712,82.614,92.217,313.23,100.8645,95.7,105.0668293
2012-08-01,88.41962,99.15,3512.04,121.8,84.44312,98,97.83949,99,92.47054,102.1884531,86.76900212,99.06977,94.3,91.855,79.09054,96.32,92.9,122.4,99.736,115.0861,83.128,92.736,313.55,100.8341,96.1,105.6515428
2012-09-01,89.17177,99.32,3532.06,122,84.70231,97.9,98.22555,98.76,92.55903,103.1030772,86.76900212,99.06977,94.4,92.512,79.43912,96.72,93.9,122.5,100.358,115.7191,83.604,93.649,314.81,101.1483,96.4,106.1229825
2012-10-01,89.33891,99.5,3552.9,122.2,84.61381,98.2,98.37262,98.94,92.55903,103.851406,86.58280255,99.06977,94.4,92.339,79.84103,97.29,94.3,123,100.673,116.2514,83.434,94.445,314.59,101.2732,96.8,106.0817086
2012-11-01,89.42249,99.39,3574.22,121.9,84.75506,97.9,98.0509,98.79,92.64752,104.2671442,86.2104034,98.88372,94.1,92.011,80.38344,96.89,94.4,123.1,100.356,116.6467,83.54,94.328,313.82,100.9412,97,105.5790842
2012-12-01,89.58963,99.4,3602.46,121.2,85.37871,98,98.17959,99.1,92.91299,104.4334395,86.30350318,99.06977,94.1,92.175,80.56824,96.76,94.7,123.2,100.368,117.2766,84.151,94.394,314.61,100.7254,97.3,105.2947529
2013-01-01,89.0882,99.37,3633.44,121.3,86.23212,99.3,98.09686,98.6,92.47054,104.6,86.2104034,99.25581,94.2,92.728,80.89278,96.78,94.5,123.3,99.121,118.4142,84.315,93.188,312,100.4625,97,105.6061416
2013-02-01,89.33891,99.69,3655.24,122.7,87.18035,99.4,98.67596,98.88,93.00147,105.3,86.2104034,99.34884,94,93.038,81.29094,97.54,95.1,123.3,99.002,119.0773,85.162,93.349,313.39,100.7593,97.5,106.471059
2013-03-01,90.09106,99.83,3672.42,122.9,86.39648,99.5,99.12636,99.63,93.44392,105.3,86.39660297,99.53488,94.2,92.952,81.88744,98.58,95.4,123.5,100.638,119.4821,84.703,93.678,314.65,100.9782,97.8,106.7494285
2013-04-01,90.17464,99.79,3692.62,122.7,86.56728,99.5,99.27343,99.48,93.00147,106.1,86.76900212,99.53488,94.5,92.823,81.94152,98.67,95.9,124,100.649,120.0915,83.448,94.028,314.03,101.0122,98,106.6384476
2013-05-01,90.34178,99.94,3706.28,123,86.04879,99.3,99.29182,99.54,93.35543,106.9,86.86210191,99.53488,94.6,92.823,81.66882,98.69,96,123.9,100.821,120.8841,83.746,94.201,314.54,101.1233,98.2,106.8283075
2013-06-01,90.34178,100.11,3715.92,123,86.04879,99.7,99.22747,99.7,93.44392,109.3,87.51380042,99.81396,94.6,92.71,81.61924,98.32,95.7,123.9,100.873,121.3918,83.917,94.34,313.99,101.2227,98,107.0846642
2013-07-01,89.92392,100.21,3717.03,123.1,86.13388,99.5,99.20909,99.4,93.88636,111,87.79309979,99.90697,94.8,92.909,81.59219,99.15,96.1,124.3,100.635,122.3872,84.151,93.853,313.55,100.8617,98,107.1268553
2013-08-01,90.00749,100.15,3725.95,123.1,86.56716,99.3,99.05283,99.86,93.88636,112.4,87.97929936,100.2791,95.1,93.238,81.82433,99.03,96,123.9,99.889,122.5586,84.829,94.145,313.84,100.7891,98.4,107.2557216
2013-09-01,90.67607,100.21,3738.99,123.3,87.2571,98.9,99.40212,99.63,93.88636,113.7,87.97929936,100,95.4,93.419,82.13234,99.08,96.4,124,100.474,122.8159,84.954,93.969,315.05,101.0923,98.7,107.3804605
2013-10-01,90.5925,100.13,3760.3,123,87.34471,99.1,99.54,99.5,93.70938,114.8,88.25859873,99.81396,95.5,93.134,82.52299,98.8,96.6,124.2,100.425,123.516,85.088,94.351,314.4,101.0147,98.8,107.1039254
2013-11-01,90.67607,100.2,3780.61,123,87.25703,99,99.39293,99.46,93.88636,116.3,87.88619958,99.53488,95.5,93.116,83.29227,98.31,96.7,124,100.202,124.2077,85.689,94.547,314.2,101.0217,98.8,106.8851737
2013-12-01,91.26109,100.36,3815.39,122.7,87.51881,99.4,99.7606,99.8,94.24031,114.5,87.97929936,99.72093,95.6,93.229,83.77006,98.36,96.6,124.1,100.564,124.8411,85.417,94.632,315.04,100.793,99.2,106.8760018
2014-01-01,90.50893,100.5,3836.37,123.1,88.39396,99.5,99.69627,99.24,93.70938,113.6,87.42070064,99.90697,95.5,93.73,84.51905,98.15,96.6,124.2,99.179,125.5777,85.511,93.373,311.39,100.5172,98.7,107.2736069
2014-02-01,90.67607,100.66,3862.84,124.1,88.8422,99.6,99.94445,99.79,94.15182,113.6,87.32760085,99.81396,95.5,93.98,84.73315,98.57,97.1,124.3,98.92,126.4567,85.491,93.333,312.7,100.6171,99.1,107.6702949
2014-03-01,91.59538,100.72,3898.38,124.8,88.39396,99.6,100.1742,100.24,94.41729,114.2,87.51380042,99.90697,95.7,94.153,84.96529,99.39,97.3,124.4,100.27,127.7466,85.719,93.541,312.68,100.981,99.3,108.3636964
2014-04-01,91.67895,100.41,3924.5,125.2,88.03536,99.6,100.3213,100.2,94.24031,115.1,87.60690021,100.093,97.7,94.214,84.80678,99.85,97.7,124.4,100.507,128.8963,85.369,94.373,313.89,101.0506,99.6,108.7209449
2014-05-01,91.92966,100.3,3942.55,125.8,88.12501,99.7,100.0731,100.22,94.15182,115.8,87.7,100,98.1,94.369,84.53558,99.51,97.8,124.3,100.379,130.0564,85.656,94.395,314.05,101.3466,99.6,109.1006647
2014-06-01,92.01324,100.38,3958.32,125.9,88.03536,99.7,100.1467,100.18,94.41729,116.7,87.97929936,100.093,98,94.248,84.68208,99.24,97.5,124.3,100.45,130.8627,85.513,94.421,314.7,101.2729,99.8,109.303824
2014-07-01,91.5118,100.55,3958.72,125.7,88.03536,100,100.0364,99.86,94.68275,119.2,88.07239915,100,98.1,94.386,84.91496,100.05,98.3,124.1,99.757,131.504,85.258,93.533,313.67,100.8939,99.6,109.2611743
2014-08-01,91.5118,100.17,3968.62,125.7,88.21466,99.9,100.1834,100.3,94.68275,120.3,87.97929936,100.186,98.3,94.551,85.21996,99.98,97.9,123.6,99.53,131.8196,85.714,93.681,313.35,100.8614,99.9,109.078652
2014-09-01,92.09681,100.09,3991.24,125.8,88.6629,99.6,100.7258,99.92,94.68275,120.1,87.7,99.81396,98.5,94.49,85.59634,99.96,98.5,123.6,100.099,132.6764,85.556,93.824,313.85,101.0037,100,109.1607412
2014-10-01,92.01324,100.22,4008,125.9,88.6629,99.8,100.5511,99.95,94.41729,120.1,87.97929936,99.90697,98.2,94.205,86.06963,99.84,98.6,123.6,100.429,133.7644,85.3,94.261,314.02,101.0019,100.1,108.8864991
2014-11-01,92.18038,100.09,4028.44,125.4,88.39396,99.5,100.3581,99.78,94.41729,120.1,87.79309979,99.72093,97.9,94.015,86.76378,99.25,98.6,123.4,100.221,135.4765,85.46,94.195,313.56,100.9625,99.9,108.2985754
2014-12-01,92.18038,99.98,4059.86,124.5,88.75256,99.5,100.2294,99.86,94.41729,119.4,87.79309979,99.72093,97.9,94.006,87.18898,99.05,98.6,123,100.205,139.026,85.363,93.646,314.05,100.462,99.9,107.6845115
2015-01-01,91.17751,99.85,4110.2,124.3,89.0215,99.5,99.54,98.86,93.44392,119.5,87.04830149,99.34884,97.8,94.643,87.1101,98.15,98.6,122.8,98.789,144.3785,85.179,92.141,310.75,100.0294,99.2,107.1777598
2015-02-01,91.45493,100.26,4160.34,125.4,90.09729,99.7,99.79,99.52,94.10799,119.7,86.39660297,99.72093,97.6,94.587,87.27538,98.69,98.9,122.7,98.715,147.5837,85.257,92.331,312.93,99.7723,99.5,107.6432376
2015-03-01,92.47212,100.32,4215.26,126.3,89.55939,99.8,100.12,100.17,94.58232,120.2,86.67590234,99.81396,97.9,94.596,87.63071,99.75,99.2,122.9,100.581,149.3695,85.463,92.92,313.19,100.0978,99.6,108.2839002
2015-04-01,92.65707,100.7,4245.19,126.2,89.3801,100.1,100.11,100.28,95.05666,120.7,87.23450106,100,98.4,94.625,87.40384,100.39,99.6,123.4,100.907,150.0566,84.93,93.774,313.16,99.9162,99.9,108.5040276
2015-05-01,92.84201,100.86,4276.6,126.9,89.2008,100.4,100.03,100.52,95.24639,121.6,87.42070064,100.093,98.7,94.89,86.96737,100.61,99.8,123.4,101.337,150.5818,85.317,94.222,314.24,100.1488,100.1,109.0570978
2015-06-01,92.93448,101.01,4310.39,127.2,89.2008,100.5,100.03,100.44,95.24639,123,87.60690021,100.2791,98.4,94.909,87.11311,100.23,100.1,123.4,101.256,150.8679,85.225,94.474,313.33,100.2224,100.1,109.4391107
2015-07-01,92.56459,101.01,4337.11,127.3,89.55939,100.4,99.81,100.03,95.43612,123.6,87.79309979,100.186,98.3,95.08,87.24082,101,100.1,123.3,100.522,152.0748,84.921,93.597,313.43,99.6065,100,109.4464483
2015-08-01,92.37965,101.08,4346.65,127.3,90.00764,100.2,99.99,100.35,95.43612,124.8,87.60690021,100.3721,98.4,95.213,87.42487,100.69,99.9,122.8,100.185,152.6071,85.002,93.286,312.81,99.4468,100.3,109.2914419
2015-09-01,92.74953,101.15,4370.12,127.1,90.09729,100,100.13,99.95,95.24639,125.4,87.32760085,100,98.5,94.966,87.75242,100.5,100.6,122.4,100.975,153.477,85.003,92.999,314.06,99.5456,100.2,109.1213017
2015-10-01,92.65707,101.5,4405.95,127.2,89.73869,100,100.29,100.01,95.24639,126.1,87.42070064,100.186,98.5,94.966,88.20392,100.41,101,122.5,101.065,154.6127,84.637,93.595,314.29,99.6284,100.3,109.0722316
2015-11-01,92.74953,101.61,4450.45,127.1,89.73869,99.6,100.11,99.82,94.58232,126.6,87.04830149,99.81396,98.1,94.786,88.68547,99.85,101.3,122.4,100.866,155.7723,84.807,93.937,313.75,99.5566,100.3,108.842015
2015-12-01,93.11942,101.48,4493.17,126.5,90.18694,99.5,99.99,100.04,94.58232,126.1,86.9552017,99.81396,98.1,95.07,89.04681,99.73,100.9,122.2,100.603,156.9717,84.814,93.663,314.21,99.1476,100.4,108.4700913
2016-01-01,92.28718,101.59,4550.23,126.8,90.63519,100.1,99.57,99.08,93.91825,126.3,86.48970276,99.6,97.7,95.232,89.38638,98.71,101.5,121.6,99.56,158.4787,84.628,91.876,313.13,98.7624,99.9,108.6494035
2016-02-01,92.37965,101.65,4591.18,127.1,92.06957,100.2,99.7,99.33,94.20285,126,86.2104034,99.4,97.8,95.64,89.77778,99.3,102.1,121.5,99.114,159.4771,84.542,91.552,314.14,98.9457,100.1,108.7388303
2016-03-01,93.11942,102.57,4610.92,127.9,91.62132,100.1,100.08,100.02,94.86692,126,86.02420382,99.6,97.9,95.393,89.91,100.31,102.5,121.6,101.033,160.2107,84.577,92.139,315.7,99.2362,100.4,109.2070597
2016-04-01,93.11942,102.75,4639.05,128.3,91.44202,100.7,100.37,100.09,94.96178,127.3,86.39660297,99.5,98.1,95.573,89.62527,100.4,102.9,122,101.387,160.9156,84.534,92.785,315.64,99.5645,100.6,109.7248178
2016-05-01,93.39684,103.08,4675.23,128.8,91.08343,100.5,100.34,100.5,95.43612,128.6,86.67590234,99.8,98.2,95.63,89.22562,100.58,103.2,122.1,101.674,161.5753,83.983,93.292,316.21,99.7082,100.8,110.1687414
2016-06-01,93.48931,103.19,4691.59,129.1,90.90413,100.6,100.39,100.63,95.53099,130.1,86.9552017,99.9,98.1,95.611,89.32403,100.26,103.8,122.3,101.809,162.157,84.607,93.723,316.54,99.8475,101,110.5305759
2016-07-01,93.11942,103.31,4715.99,128.9,91.08343,100.9,100.32,100.25,95.91045,131.1,87.32760085,100.1,97.9,95.431,89.55692,100.76,104.5,121.9,101.136,163.0327,84.37,93.041,316.73,99.4044,100.9,110.3517224
2016-08-01,92.93448,103.26,4736.74,128.7,91.17308,100.8,100.37,100.58,95.81559,131.1,87.04830149,100.3,97.9,95.677,89.80933,100.88,103.9,121.7,100.91,163.049,84.786,93.161,316.38,99.3045,101.2,110.4530727
2016-09-01,93.58179,103.04,4740.53,128.8,91.80062,100.5,100.54,100.34,95.81559,130.9,86.9552017,100.1,98,96.247,90.35774,100.57,104.2,121.7,101.611,163.3262,84.794,93.165,316.91,99.3649,101.5,110.7186015
2016-10-01,93.8592,103.34,4752.86,129.1,91.71098,100.8,100.75,100.37,96.00533,131.4,87.14140127,100,98.6,96.379,90.90615,100.83,104.7,122.3,101.959,164.0285,84.551,94.23,318,99.4164,101.6,110.8566397
2016-11-01,93.95168,103.41,4761.42,128.6,91.80062,101.2,100.77,100.35,95.34126,131.2,86.76900212,99.9,98.6,96.237,91.61684,100.49,104.9,122.4,101.446,164.7502,84.822,94.572,318.1,99.2199,101.8,110.6842065
2016-12-01,94.41403,103.54,4775.7,128.4,91.97992,101.5,101.02,100.65,96.00533,130.4,86.76900212,100.3,98.4,96.342,92.03903,100.71,104.4,123.3,101.486,165.4092,84.954,95.132,319.68,99.1409,102.2,110.7204359
2017-01-01,94.13662,104.28,4793.85,129.5,92.96606,102.3,100.41,100.41,95.43612,130.3,86.58280255,100.6,98.2,97.366,93.60388,100.35,104.3,123.8,100.885,166.4347,85.102,94.609,317.5,99.107,101.8,111.3656844
2017-02-01,94.41403,104.67,4809.67,129.7,92.78676,102.7,100.92,100.53,96.00533,130.6,86.58280255,101,98.1,97.632,94.14478,101.09,104.7,124.2,100.653,166.8009,85.1,94.269,319.73,99.5849,102.4,111.7160539
2017-03-01,94.8764,104.91,4821.69,129.9,92.51781,102.7,100.91,101.17,96.19506,130.8,86.86210191,101,98.1,97.565,94.72249,101.44,105,124.1,102.417,167.0177,85.136,94.249,319.68,99.7997,102.7,111.8068565
2017-04-01,95.06134,105.09,4828.44,130.4,92.51781,102.7,101.22,101.26,96.57452,131.1,87.04830149,101.4,98.5,97.442,94.83894,101.98,105.2,124.5,103.393,167.5689,84.877,95.154,321.54,100.0004,103.2,112.1384235
2017-05-01,95.15381,105,4843.41,130.5,92.60746,102.9,101.06,101.31,96.57452,131.4,87.42070064,101.2,98.6,97.546,94.72549,101.65,105.4,124.5,103.149,168.1889,85.164,95.097,321.74,100.1862,103.5,112.2342706
2017-06-01,95.24628,104.84,4832.27,130.4,92.42816,102.9,101.14,101.32,96.85912,132.1,86.76900212,101.1,98.5,97.338,94.96364,101.37,105.8,124.3,102.734,169.2148,85.043,95.138,321.97,100.0444,103.5,112.3360796
2017-07-01,94.96886,105.15,4843.87,130.4,92.33852,103.4,100.85,100.97,97.23859,134.2,86.67590234,101.2,98.3,97.499,95.32274,102.11,106.1,124.1,102.048,169.3333,84.845,94.482,323.69,99.7317,103.5,112.2585764
2017-08-01,94.8764,105.22,4853.07,130.5,92.78676,103.3,101.11,101.49,97.33346,135.4,86.9552017,101.5,98.5,98.058,95.79377,102.27,105.3,124,102.056,168.4189,85.129,94.67,323.18,99.764,104,112.5947293
2017-09-01,95.80112,105.11,4860.83,130.8,93.32465,103.2,101.32,101.33,97.42833,135.2,87.04830149,101.2,98.8,98.172,96.09351,102.03,105.9,124.5,103.023,168.1663,85.11,94.835,323.62,100.0128,104.3,113.1909078
2017-10-01,95.89359,105.41,4881.25,130.9,93.41431,103.7,101.3,101.43,97.23859,136.1,87.32760085,101,98.8,98.077,96.69827,102.17,106,125.1,103.378,168.5026,84.865,95.71,323.38,100.0735,104.4,113.1193664
2017-11-01,96.07853,105.55,4894.92,131.3,93.41431,103.8,101.55,101.53,96.85912,137.6,87.04830149,100.8,99.1,97.347,97.69518,102,106.1,125.7,103.018,168.8733,85.358,96.147,324.04,100.0008,104.7,113.122118
2017-12-01,96.44842,105.75,4916.46,130.8,93.68325,103.9,101.51,101.85,97.33346,137.2,87.14140127,101.2,99.4,97.698,98.27288,101.97,106.1,126,102.974,169.5826,85.274,96.19,325.23,99.9724,105,113.0556212
2018-01-01,95.80112,106.06,4930.72,131.7,94.3108,104.5,101.21,101.75,96.76426,136.9,86.67590234,101.5,99.5,98.106,98.795,101.82,106,126.4,101.926,170.1083,85.11,95.153,322.51,99.8406,104.5,113.6715194
2018-02-01,96.07853,106.22,4946.5,132.5,95.47623,104.5,101.52,101.72,97.04886,136.4,86.76900212,101.5,99.5,98.855,99.17137,102.31,107,126.1,101.234,170.4655,85.51,95.281,324.87,100.2104,104.9,114.1869845
2018-03-01,96.63336,106.37,4950.95,132.9,94.40044,104.4,101.73,102.75,97.61806,136.5,87.04830149,101.8,99.2,98.751,99.49216,102.47,107.3,126,103.122,170.9598,85.337,95.393,325.76,100.5935,105.1,114.4451757
2018-04-01,96.81831,106.69,4961.84,133.3,94.22115,104.7,101.98,102.92,97.80779,137.1,87.42070064,101.9,99.1,98.931,99.15485,103.11,107.7,126.6,103.803,171.6095,84.937,96.181,327.1,100.8036,105.5,114.9001057
2018-05-01,97.00325,106.91,4981.69,133.4,94.04185,105.2,102.09,103.36,98.56673,137.8,87.79309979,102.2,99.3,98.979,98.99408,103.42,107.8,126.9,104.225,172.2616,85.466,97.048,327.86,101.1873,105.9,115.3779657
2018-06-01,97.18819,107.02,5044.46,133.6,94.04185,105.6,102.32,103.37,98.6616,138.5,87.88619958,102.4,99.2,98.779,99.37646,103.1,108.5,127,104.292,173.1057,85.514,97.302,328.62,101.1915,105.9,115.5618638
2018-07-01,97.00325,107.43,5061.11,134.3,94.3108,105.8,102.23,103.28,99.04106,139.8,87.88619958,102.7,99.2,98.59,99.9091,104.28,109.3,126.7,103.656,173.5731,85.39,96.604,330.33,100.9587,105.9,115.56966
2018-08-01,97.00325,107.58,5056.56,134.2,94.93834,105.9,102.38,103.78,99.13593,140.4,87.97929936,103.1,99.8,99.462,100.492,104.4,108.9,126.7,103.298,173.5904,85.749,96.742,329.63,100.9423,106.5,115.6338639
2018-09-01,97.74303,107.58,5080.83,133.7,95.56588,105.6,102.6,103.56,99.32567,140.2,88.07239915,102.6,99.9,100.221,100.917,103.95,109.5,127,104.463,173.8682,85.729,96.978,331.14,101.0024,106.6,115.7682333
2018-10-01,98.02045,108.31,5103.69,134.1,95.74518,106,102.85,103.67,99.5154,140.6,88.35169851,102.6,100.2,100.041,101.44,104.32,109.3,127.5,104.369,174.4767,85.465,97.875,330.72,101.1809,106.7,115.9727684
2018-11-01,98.20539,108.48,5092.97,133.5,95.38658,105.9,102.83,103.45,98.85133,140.8,88.07239915,102.4,100,99.33,102.303,104.07,109.8,127.5,103.902,175.3491,85.606,97.768,330.4,100.9228,106.9,115.5843352
2018-12-01,98.29786,108.22,5100.61,133.4,95.47623,106,102.71,103.47,98.85133,140.1,87.79309979,102.3,99.7,98.988,103.02,103.97,109.8,127.5,103.658,176.822,85.67,97.329,331.87,100.6637,107.1,115.2151631
2019-01-01,97.55808,108.17,5116.93,133.6,95.92448,107.1,102.31,103.01,98.09239,139.6,87.7,102.4,99.7,98.884,103.108,104.05,109.3,127.2,102.411,178.6079,85.416,96.085,328.56,100.3998,106.4,115.434832
2019-02-01,97.55808,108.52,5138.93,134.5,96.91061,107.3,102.8,103.06,98.47186,139.9,87.79309979,102.5,99.7,99.311,103.079,104.97,110.2,127.7,102.185,179.3938,85.901,96.32,331.02,100.7902,106.8,115.9227811
2019-03-01,98.39034,108.85,5177.47,135.4,96.55202,107.5,102.87,103.89,98.85133,140.4,88.25859873,102.8,99.7,99.121,103.476,105.37,110.4,128.1,103.995,179.9679,85.917,96.669,331.79,101.3269,107,116.5767431
2019-04-01,98.4828,108.91,5206.98,136,96.64167,107.6,103.47,104.22,99.8,141.2,88.53789809,103,100,99.481,103.531,106.08,110.8,129.5,104.603,180.4898,85.73,97.644,334.11,101.5173,107.6,117.1940171
2019-05-01,98.66775,108.93,5213.75,136.6,96.64167,108.3,103.29,104.33,99.98973,142,89.09649682,103,100,99.652,103.233,105.94,110.5,129.8,104.664,181.1034,86.221,97.834,334.95,101.8291,107.9,117.4434949
2019-06-01,98.76022,108.87,5214.27,136.3,96.55202,108.5,103.36,104.58,100.2743,142.9,88.63099788,103.1,99.8,99.491,103.299,105.84,110.6,130.2,104.696,181.1759,85.974,97.719,334.47,101.7989,107.9,117.4668834
2019-07-01,98.39034,108.96,5224.18,137,96.91061,108.9,103.08,104.38,100.7487,144.2,88.35169851,103.1,99.8,99.187,103.687,106.9,111.4,130.2,103.329,181.5382,85.587,97.113,335.8,101.2735,108,117.6631637
2019-08-01,98.4828,108.94,5229.93,136.8,97.62781,109,103.5,104.86,100.5589,145,88.53789809,103.5,100,99.425,103.67,107.37,110.6,130.2,103.21,181.1025,86.123,97.059,334.39,101.2632,108.3,117.657202
2019-09-01,98.94517,108.44,5227.84,136.2,98.43465,108.4,103.54,104.5,100.5589,145.8,88.35169851,102.9,100.1,99.794,103.942,106.7,111.1,130.2,104.346,180.8128,86.069,97.059,335.95,101.1522,108.4,117.7493803
2019-10-01,99.13011,108.83,5233.07,136.6,99.33114,108.9,103.62,104.46,100.6538,147.2,88.72409766,102.8,100.4,100.041,104.503,107.16,111.3,130.5,104.385,181.0478,85.883,98.001,336.04,100.9248,108.3,118.0185778
2019-11-01,99.31506,108.9,5259.76,136.4,99.68974,109.2,103.52,104.52,99.89487,148.6,88.35169851,102.6,100.5,99.481,105.346,106.73,111.6,130.6,104.231,181.5548,86.16,98.167,336.36,100.7904,108.5,117.9552912
2019-12-01,99.96236,109.04,5320.25,136.4,99.68974,109.4,103.65,104.98,100.3692,150.4,88.35169851,102.8,100.5,99.719,105.934,106.8,111.3,131.6,104.093,182.2084,86.325,98.096,337.68,100.8205,108.5,117.8479791
2020-01-01,99.5,109.69,5331.42,136.8,101.1241,111,103.32,104.54,99.8,150.2,87.97929936,102.9,100.5,100.09,106.447,105.97,111.3,132.8,103.23,182.9372,86.121,97.139,332.82,100.6029,108.3,118.3052021
2020-02-01,99.6,109.71,5344.75,137.4,101.931,111.3,103.67,104.53,100.1,149.1,87.88619958,102.8,100.3,100.16,106.889,106.64,111.2,133.7,102.573,183.5409,86.183,97.024,334.47,100.7275,108.6,118.6294315
2020-03-01,99.9,109.53,5348.49,136.6,100.6759,111.2,103.49,104.59,100.3,148.6,88.25859873,102.9,100.3,99.94,106.838,106.85,111.2,134,104.044,184.5504,85.888,96.652,333.91,100.8049,108.6,118.3712403
2020-04-01,99.9,109.53,5331.91,135.7,99.77939,111,103.14,104.56,100.4,151.4,87.97929936,103,100.2,99.5,105.755,107.34,111.7,133.9,104.374,186.0821,85.098,96.944,332.9,100.4382,108.6,117.5796987
2020-05-01,99.3,109.45,5311.65,136.1,98.97254,111.4,103.12,104.71,100.4,150.9,87.7,102.8,100.1,99.44,106.162,107.18,111.9,133.6,103.906,186.5845,85.502,96.938,334.91,100.4803,108.6,117.5819917
2020-06-01,99.8,109.52,5325.46,137.2,98.97254,112.1,103.32,104.79,100.5,151.8,87.60690021,102.9,99.9,99.71,106.743,107.51,112.1,134.4,104.827,186.995,85.52,97.385,336.84,100.5012,108.8,118.2254059
2020-07-01,100,109.76,5344.63,137.2,98.61395,112.6,103.69,105.19,99.7,153.9,87.79309979,102.7,100,99.63,107.444,108.69,112.9,134.1,103.476,187.6495,85.245,96.511,337.57,100.3419,109.2,118.8234188
2020-08-01,99.8,109.83,5357.46,137,99.95869,112.6,103.71,105.09,99.7,154.7,87.79309979,103,100.1,100.19,107.867,108.13,112.5,134,103.198,187.5745,85.787,96.555,337.07,100.3861,108.8,119.1980941
2020-09-01,100.2,109.42,5391.75,136.9,100.138,111.9,103.71,104.55,99.7,156.4,87.7,102.3,99.9,100.74,108.114,107.88,112.9,134.3,104.2,187.4432,86.073,96.7,337.27,100.3431,109.2,119.3641068
2020-10-01,100.4,109.64,5438.12,137.5,99.86903,112.1,103.81,104.51,99.9,158.4,87.97929936,102.5,99.8,100.18,108.774,108.47,113.2,134.4,104.31,188.2492,85.709,97.208,336.97,100.3492,109.2,119.4136355
2020-11-01,100.5,109.46,5486.52,137.7,99.24149,112.1,103.74,104.73,99.7,158.9,87.79309979,102.4,99.5,100.09,108.856,107.61,112.4,134.5,104.001,189.5857,86.047,97.367,337,100.1002,109.1,119.3407183
2020-12-01,101.1,109.49,5560.59,137.4,99.95869,111.9,103.89,104.96,99.8,157.3,87.7,102.6,99.3,100.33,109.271,107.85,112.9,134.6,103.854,191.1593,86.358,97.574,339.34,100,109.4,119.453075
2021-01-01,100.3,109.97,5574.49,138.2,100.9,113.4,104.24,105.12,101,156.3,87.7,103.3,99.8,101.04,110.21,107.62,114.1,136.3,103.541,192.4401,86.334,97.583,338.09,100.0553,109.3,119.9612025
2021-02-01,100.8,110.21,5622.43,138.9,101.5,113.6,104.62,105.12,101.6,156.6,87.9,103.4,99.8,101.58,110.907,108.57,114.9,137,103.067,193.9411,86.827,97.008,339.01,100.2198,109.4,120.6179161
2021-03-01,101.9,110.51,5674.72,139.6,101,113.8,104.87,105.75,102.1,156.8,88.4,103.7,99.9,101.84,111.824,108.87,114.6,138.4,104.517,195.2211,87.019,97.949,339.54,100.5577,109.7,121.4722857
2021-04-01,101.8,110.88,5692.31,140.3,100.7,114.4,105.26,105.86,102.4,157.8,88.7,104.1,99.1,101.98,112.19,109.36,115,139.5,104.951,196.3534,86.875,99.105,340.37,100.7675,110.4,122.4706554
2021-05-01,102.1,111.05,5739.56,141,100.6,114.6,105.42,106.2,102.6,160.4,89.1,104.1,99.4,102.05,112.419,109.46,114.9,139.9,105.199,197.8064,87.574,99.572,341.04,101.0339,111,123.4525155
2021-06-01,102.6,111.3,5769.98,141.4,100.2,115.2,105.36,106.34,102.9,161.3,89.2,104.2,99.5,102.05,113.018,109.67,115.3,140,105.359,199.1713,87.569,100.046,341.32,101.1087,111.4,124.5994712
2021-07-01,102.9,112.25,5825.37,142.3,100.5,116.4,105.71,106.4,103.4,162.5,89.5,104.7,99.7,102.26,113.682,110.23,116.3,140.6,104.993,199.7887,87.398,99.292,342.23,101.023,111.4,125.1988599
2021-08-01,103,112.83,5876.05,142.6,100.6,117.2,105.96,107.05,103.5,162.9,89.8,105.1,99.7,102.75,113.899,110.71,116.3,141,104.783,200.1283,87.882,99.743,343.99,101.2711,112.1,125.4575097
2021-09-01,103.5,112.55,5944.21,142.9,100.6,117.4,106.29,106.81,103.8,163.2,89.9,104.9,100.1,103.17,114.601,110.79,117.5,142,105.741,201.3291,88.248,100.575,345.74,101.2887,112.4,125.7982486
2021-10-01,104.1,114.2,6018.51,143.9,101.3,118.6,107.09,107.25,104.3,165.5,90,105.6,99.9,103.35,115.561,112.18,117.2,143.6,106.22,203.5639,88.5,102.425,346.44,101.5954,113.4,126.8433954
2021-11-01,104.8,115.63,6075.69,144.2,101.7,118.8,107.57,107.64,104.5,166.7,89.9,106.2,100.1,103.87,116.884,113.17,118.1,145,106.688,205.5181,89.369,102.738,348.03,101.6346,114.1,127.4666312
2021-12-01,105.4,115.74,6120.04,144,101.4,119.3,107.49,107.85,104.7,166.1,90.2,106.6,100.1,104.04,117.308,114.01,118.9,146.3,106.704,207.2033,89.781,103.965,352.47,101.5311,114.7,127.8582746
2022-01-01,105.3,118.32,6153.09,145.3,101.9,124.6,108.8,108.12,105.2,165.7,90.4,108.3,100.3,104.85,118.002,114.53,117.8,149.1,106.999,209.2546,89.81,103.567,350.56,101.705,114.6,128.9341475
2022-02-01,106.6,119.07,6215.24,146.8,102.5,126.2,109.36,108.94,106,166.1,91,109.3,100.7,105.42,118.981,115.27,119.1,148.7,107.39,211.7029,90.59,104.403,353.56,102.3754,115.4,130.1118293
2022-03-01,108.8,119.69,6315.93,148.9,102.5,128.3,110.95,110.49,108.1,167.7,91.5,110.4,101.1,106.1,120.159,119.46,119.8,153.6,110.089,227.82,91.715,107.566,359.8,102.9572,116.5,131.8490017
2022-04-01,109.1,120.09,6382.88,149.8,102.9,130.6,111.3,110.97,108.8,170.1,92.2,110.3,101.5,106.83,120.809,119.81,121.2,156.7,112.512,,91.594,107.375,362.02,103.3351,119,132.5850529
2022-05-01,110,121.01,6412.88,151.9,102.7,132.9,112.76,111.72,109.8,171.7,92.8,111.2,101.8,107.5,121.022,119.05,121.5,159.4,113.614,,92.502,108.262,365.82,104.0068,119.7,134.0466074
2022-06-01,111.5,122.04,6455.85,152.9,102.7,135,113.57,112.55,109.8,172.6,93.1,112.5,101.8,108.21,122.044,119.05,122.6,161.8,114.554,,93.423,110.267,370.95,104.5312,120.5,135.8878818
2022-07-01,112.6,123.05,6411.95,153.1,103.2,136.8,113.94,112.87,110.3,173.4,94.2,113,102.3,108.73,122.948,121.57,124.2,162.6,114.506,,93.563,109.986,371.28,104.4916,121.2,135.8718308
2022-08-01,112.6,124.05,6388.87,152.6,103.1,137.4,114.03,113.38,110.7,174.3,93.9,113.9,102.7,108.63,123.803,123.95,123.9,163.9,114.155,,94.445,110.265,377.81,104.7671,121.8,135.8236779
2022-09-01,114.5,125.24,6370.34,152.7,103.4,138.5,114.92,112.74,112.7,175.3,94.1,114.2,103.1,108.82,124.571,126.89,125.6,166.5,115.555,,94.854,109.498,383.21,104.5831,122.3,136.1158054
2022-10-01,115.6,128.21,6407.93,153.8,103.5,136.5,115.99,113.9,113.5,176.7,94.6,118.1,103.7,109.16,125.276,128.25,126,169.5,116.99,,94.475,109.866,384.04,104.6392,124.3,136.6679584
2022-11-01,115.9,127.92,6434.2,154,103.3,138.1,117.4,114.26,113.7,176.5,94.7,118.7,103.9,109.07,125.997,124.35,125.8,170.7,117.289,,95.396,109.734,387.93,104.6432,124.8,136.5299201
2022-12-01,116.1,127.72,6474.09,153.1,103.2,138.1,117.32,114.16,113.2,175.7,95,119,104.1,109.26,126.478,124.94,125.9,170.9,116.94,,95.591,109.899,395.96,104.4149,125.3,136.1107608
2023-01-01,117.1,127.84,6508.4,153.9,104,146.4,117.99,114.6,114.3,176.5,95.3,119.1,104.7,110.07,127.336,123.21,126.1,175.2,115.947,,95.772,109.668,391.5,105.0435,124.8,137.1990158
2023-02-01,118.2,126.95,6563.07,154.5,103.5,147.3,118.98,115.78,115.2,176.8,95.7,119.3,104,110.33,128.046,124.45,126.6,177.3,116.247,,96.308,110.703,395.82,105.8273,126,137.9648759
2023-03-01,118.8,127.67,6609.67,155.3,103.2,147.5,119.75,116.79,116.1,177.2,96.1,118.8,104.4,110.52,128.389,124.72,127.6,179.3,118.27,,96.792,111.111,398.08,105.9896,126.8,138.4216404
2023-04-01,119.6,126.82,6649.99,156.4,103,147.2,120.12,117.5,116.6,178.1,96.8,119.3,105.1,110.77,128.363,126.01,129,180.6,118.936,,96.869,111.773,399.93,105.986,128.3,139.1219208
2023-05-01,119.8,127.3,6665.28,157,102.9,147.6,120.45,117.44,116.5,179,97,119.7,105.1,111.13,128.084,126.26,129.6,180.6,118.141,,97.181,111.719,401.19,106.252,129.1,139.4722903
2023-06-01,120.4,127.11,6659.95,157.2,102.7,148.1,120.69,117.65,116.8,181,97,119.7,105.2,111.16,128.214,125.83,130.4,180.6,118.442,,97.645,112.354,405.49,106.3196,129.4,139.9226344
2023-07-01,120.5,128.14,6667.94,158.1,102.9,148.8,121.3,117.71,117.1,186.3,97.3,119.7,105.7,111.29,128.832,127.13,130.9,180.2,118.019,,97.417,112.544,405.67,106.1688,129,140.1895389
2023-08-01,120.9,129.12,6683.28,158.7,103.2,149.1,120.43,118.89,117.5,186.2,97.8,120.1,105.9,112.28,129.545,127.7,129.9,180.2,118.397,240.5253,98.278,113.149,405.97,106.3955,129.4,140.8017684
2023-09-01,121.4,128.23,6700.66,158.5,103.4,148,121.28,118.26,117.8,184.1,97.7,120.3,106.2,112.85,130.12,127.16,129.8,179.5,119.687,,98.776,113.348,408.05,106.3136,130.1,141.1516793
2023-10-01,121.8,128.67,6716.74,158.6,103.3,148.1,121.62,118.43,117.8,185.3,98.1,120.1,107.1,113.27,130.609,127.73,131.1,180,119.467,,98.974,113.676,409.07,106.4112,130.2,141.0975646
2023-11-01,122.1,128.89,6735.55,158.8,102.8,148.2,121.22,118.23,117.3,186.3,97.9,119.5,106.9,112.68,131.445,126.4,131.8,181.3,119.096,,98.808,113.28,410.35,106.1539,130,140.8132333
2023-12-01,122.6,129.45,6773.27,158.3,102.9,147.6,121.54,118.39,117.4,185.7,97.8,119.7,106.8,112.73,132.373,126.45,131.9,181.5,118.603,,99.177,113.308,413.34,106.2055,130.5,140.6733607
2024-01-01,122.5,130.08,6801.72,158.3,103.1,149.8,121.85,118.19,117.6,185.5,97.8,120.1,106.9,113.17,133.555,127.11,132,182.226,118.615,,98.752,113.404,412.74,106.3866,130,141.4396793
2024-02-01,123.1,131.01,6858.17,158.8,104.2,150.2,122.5,119.21,118.1,185.8,98.1,120.2,106.9,113.78,133.681,127.95,132.3,182.772678,118.651,,99.755,113.807,413.76,107.0638,130.8,142.3151445
2024-03-01,123.7,131.73,6869.14,159.8,103.3,150.4,122.36,119.47,118.6,185.8,98.7,120.2,107.2,113.95,134.065,128.58,132.6,183.1382234,120.978,,99.712,114.674,414.26,107.0971,131.6,143.2350938
2024-04-01,123.7,131.1,6895.24,160.6,103.2,151.4,122.39,120.07,119.2,186.7,99.5,120.3,107.7,114.01,134.336,129.42,133.7,185.1,121.56,,99.426,115.472,415.5,107.4357,132.2,143.79275
2024-05-01,123.8,131.58,6926.96,161.5,103.2,151.4,122.25,120.11,119.3,187.7,99.7,120.6,108.1,114.1,134.087,129.69,133.5,185.3,121.762,,100.209,115.776,416.18,107.729,132.7,144.03168
2024-06-01,124,131.87,6941.51,161.4,102.9,151,122.23,120.2,119.4,190.2,99.8,120.7,108.2,113.84,134.594,129.91,133.8,185.5,121.751,,100.104,116.212,415.86,107.7316,133,144.0802915
2024-07-01,124,132.81,6967.89,162.1,103.4,152,122.49,120.42,119.8,193,100.4,121.2,108.6,114.13,136.003,131.82,134.5,188.1,121.008,,99.818,115.66,416.22,107.539,132.9,144.2476801
2024-08-01,123.7,132.81,6966.5,161.8,103.8,152.4,121.89,121.06,119.7,193,101.3,121.4,109.1,114.54,136.013,132.24,133.3,188.3,120.599,,100.414,115.707,413.78,107.5237,133.4,144.3650814
2024-09-01,123.6,132.15,6997.15,161.1,103.8,151.8,122.26,119.56,119.7,194.2,101.1,121.2,108.9,114.65,136.08,131.61,133.7,188.5,122.162,,100.645,115.009,414.57,107.2098,133.5,144.5966738
2024-10-01,124,132.79,7036.33,161.8,103.6,152.3,122.92,119.89,120.2,196.8,101.6,121.2,109.5,114.69,136.828,132.26,134.5,189.1,122.241,,100.119,115.726,415.51,107.0741,134.3,144.7631452
2024-11-01,124.4,133.01,7063.77,161.8,103,152.4,122.47,119.72,119.9,196.5,101.2,121.1,110,114.4,137.424,131.48,134.9,190,122.043,269.3101,100.387,116.01,416.75,106.9296,134.6,144.6847248
2024-12-01,125.1,133.54,7100.5,161.2,103,152,122.39,119.95,120.5,195.4,100.9,121.2,110.7,114.91,137.949,131.63,134.8,190,122.173,272.8,100.661,116.534,416.71,106.8708,135.1,144.7360878
2025-01-01,126.4,135.39,7111.86,161.3,103.6,154,122.69,120.14,120.3,193.4,101.5,121.9,111.2,115.71,138.343,131.35,135.1,191.9,121.622,276.2,99.908,116.733,416.57,106.8138,135.1,145.683553
2025-02-01,127.1,135.66,7205.03,163,103.4,154.3,123.06,120.16,120.8,192.5,101.5,122.1,110.8,116.08,138.726,132.8,137,192.5,121.489,278.4,100.677,117.191,419.08,107.4115,135.6,146.330636
2025-03-01,127.3,135.56,7245.38,163.5,103.2,154.4,123.01,120.38,121.2,192,102,122.5,111.1,116.29,,133.33,136.1,192.0719,123.217,,100.599,117.26,416.2,107.4637,136.1,146.6594514